actor,videoId,title,publishedAt,viewCount,likeCount,commentCount,search_query
Vijay,MKUDHKf_pkg,The First Roar - Jana Nayagan | Thalapathy Vijay | H Vinoth | Anirudh | Pooja Hegde | KVN,2025-06-21T18:29:57Z,33727368,943084,34042,Thalapathy Vijay teaser
Vijay,UTiXQcrLlv4,Master - Official Teaser | Thalapathy Vijay | Anirudh Ravichander | Lokesh Kanagaraj,2020-11-14T12:28:14Z,79704257,2887022,1166393,Thalapathy Vijay teaser
Vijay,Po3jStA673E,LEO - Official Trailer | Thalapathy Vijay | Lokesh Kanagaraj | Anirudh Ravichander,2023-10-05T13:00:12Z,70296994,3123067,167248,Thalapathy Vijay teaser
Vijay,C4oy7FjlpDc,Jana Nayagan - Notion Trailer | Thalapathy Vijay | Bobby Deol | Pooja Hegde | Anirudh | PIT,2024-10-05T12:30:08Z,1094597,13985,140,Thalapathy Vijay teaser
Vijay,UT0HyhjyYpg,Jana Nayagan - Official Trailer | Thalapathy Vijay | H Vinoth | Pooja Hegde | Anirudh ravichander,2025-02-20T10:30:40Z,714575,11675,305,Thalapathy Vijay teaser
Vijay,oxwdMJq1M1A,Jana Nayagan - Teaser | Thalapathy Vijay | H Vinoth | Anirudh | Pooja Hegde | Concept Trailer,2025-07-05T14:32:06Z,181647,3177,69,Thalapathy Vijay teaser
Vijay,jizVvr-3Vmk,Happy Birthday Thalapathy Vijay  | Sun Pictures,2025-06-22T03:29:00Z,599636,55820,1338,Thalapathy Vijay teaser
Vijay,wrNMJfIVcmI,Jana Nayagan - Notion Trailer 2 | Thalapathy Vijay | Bobby Deol | Pooja Hegde | Anirudh | PIT,2025-01-05T12:30:57Z,1096538,15368,180,Thalapathy Vijay teaser
Vijay,zkJtAIOSBRc,Jana Nayagan - Official Trailer | Thalapathy Vijay | Pooja Hegde Bobby Deol Anirudh,2025-08-09T14:02:27Z,1058,12,0,Thalapathy Vijay teaser
Vijay,kXAzvVLd0yA,Rashmika Mandanna about Thalapathy Vijay ðŸ¤© | #shorts,2023-11-27T14:10:40Z,1765153,63883,217,Thalapathy Vijay teaser
Vijay,6_zABTe4IIg,Jana Nayagan - Official Trailer | Thalapathy Vijay | Pooja Hegde | Bobby Deol | Anirudh,2025-06-23T14:46:27Z,441589,8413,125,Thalapathy Vijay teaser
Vijay,0E1kVRRi6lk,Beast - Official Trailer | Thalapathy Vijay | Sun Pictures | Nelson | Anirudh | Pooja Hegde,2022-04-02T12:29:40Z,65462560,3200229,197943,Thalapathy Vijay teaser
Vijay,0OKiGzwv-1E,Pokkiri Trailer | Thalapathy Vijay | Asin | Vadivelu | Prakash Raj | Prabhu Deva | pokkiri Rerelease,2024-06-17T11:30:00Z,120799,6118,148,Thalapathy Vijay teaser
Vijay,10fuWs7dmsA,Jana Nayagan Glimpse - Notion Trailer | Thalapathy Vijay | Pooja Hegde | Bobby Deol | Anirudh,2025-06-21T12:30:01Z,629148,14639,89,Thalapathy Vijay teaser
Vijay,McPGQ-Nb9Uk,KINGDOM - Official Teaser | Vijay Deverakonda | Anirudh Ravichander | SNaga Vamsi | Gowtam Tinnanuri,2025-02-12T10:36:48Z,20320015,463305,14457,Thalapathy Vijay teaser
Vijay,qN3wfuPYTI4,LEO - Bloody Sweet Promo | Thalapathy Vijay | Lokesh Kanagaraj | Anirudh,2023-02-03T11:30:14Z,82901051,2239843,78253,Thalapathy Vijay teaser
Vijay,kGYKhsl8QgE,Why Thalapathy Vijay Is The GOAT ðŸ’¥ Birthday Special | Netflix India,2025-06-22T06:30:00Z,112884,10487,258,Thalapathy Vijay teaser
Vijay,VkkyaodksT4,Sarkar - Official Teaser [Tamil] | Thalapathy Vijay | Sun Pictures | A.R Murugadoss | A.R. Rahman,2018-10-19T12:29:05Z,47634298,1547366,139693,Thalapathy Vijay teaser
Vijay,f_KZC_MnomQ,Behind the scenes of GOAT ðŸ”¥#goat #tamil #thalapathy #vijay #nithishfreaky #tamilwhatsappstatus,2024-09-20T14:05:57Z,3632913,183717,486,Thalapathy Vijay teaser
Vijay,8GXrKYG3LJw,Thalapathy vijay entry#thalapathyvijay #thalapathy #entry #trending #youtubeshorts #like #viralshort,2024-09-28T17:15:30Z,1103461,33932,61,Thalapathy Vijay teaser
Vijay,MKUDHKf_pkg,The First Roar - Jana Nayagan | Thalapathy Vijay | H Vinoth | Anirudh | Pooja Hegde | KVN,2025-06-21T18:29:57Z,33727368,943084,34042,Thalapathy Vijay trailer
Vijay,Po3jStA673E,LEO - Official Trailer | Thalapathy Vijay | Lokesh Kanagaraj | Anirudh Ravichander,2023-10-05T13:00:12Z,70296994,3123067,167248,Thalapathy Vijay trailer
Vijay,UTiXQcrLlv4,Master - Official Teaser | Thalapathy Vijay | Anirudh Ravichander | Lokesh Kanagaraj,2020-11-14T12:28:14Z,79704257,2887022,1166393,Thalapathy Vijay trailer
Vijay,0E1kVRRi6lk,Beast - Official Trailer | Thalapathy Vijay | Sun Pictures | Nelson | Anirudh | Pooja Hegde,2022-04-02T12:29:40Z,65462560,3200229,197943,Thalapathy Vijay trailer
Vijay,C4oy7FjlpDc,Jana Nayagan - Notion Trailer | Thalapathy Vijay | Bobby Deol | Pooja Hegde | Anirudh | PIT,2024-10-05T12:30:08Z,1094597,13985,140,Thalapathy Vijay trailer
Vijay,0OKiGzwv-1E,Pokkiri Trailer | Thalapathy Vijay | Asin | Vadivelu | Prakash Raj | Prabhu Deva | pokkiri Rerelease,2024-06-17T11:30:00Z,120799,6118,148,Thalapathy Vijay trailer
Vijay,10fuWs7dmsA,Jana Nayagan Glimpse - Notion Trailer | Thalapathy Vijay | Pooja Hegde | Bobby Deol | Anirudh,2025-06-21T12:30:01Z,629148,14639,89,Thalapathy Vijay trailer
Vijay,UT0HyhjyYpg,Jana Nayagan - Official Trailer | Thalapathy Vijay | H Vinoth | Pooja Hegde | Anirudh ravichander,2025-02-20T10:30:40Z,714575,11675,305,Thalapathy Vijay trailer
Vijay,zkJtAIOSBRc,Jana Nayagan - Official Trailer | Thalapathy Vijay | Pooja Hegde Bobby Deol Anirudh,2025-08-09T14:02:27Z,1058,12,0,Thalapathy Vijay trailer
Vijay,wrNMJfIVcmI,Jana Nayagan - Notion Trailer 2 | Thalapathy Vijay | Bobby Deol | Pooja Hegde | Anirudh | PIT,2025-01-05T12:30:57Z,1096538,15368,180,Thalapathy Vijay trailer
Vijay,6_zABTe4IIg,Jana Nayagan - Official Trailer | Thalapathy Vijay | Pooja Hegde | Bobby Deol | Anirudh,2025-06-23T14:46:27Z,441589,8413,125,Thalapathy Vijay trailer
Vijay,jxCRlebiebw,The GOAT (Official Trailer) Tamil: Thalapathy Vijay | Venkat Prabhu | Yuvan Shankar Raja | T-Series,2024-08-17T11:30:03Z,58351551,1494044,65340,Thalapathy Vijay trailer
Vijay,jizVvr-3Vmk,Happy Birthday Thalapathy Vijay  | Sun Pictures,2025-06-22T03:29:00Z,599636,55820,1338,Thalapathy Vijay trailer
Vijay,oxwdMJq1M1A,Jana Nayagan - Teaser | Thalapathy Vijay | H Vinoth | Anirudh | Pooja Hegde | Concept Trailer,2025-07-05T14:32:06Z,181647,3177,69,Thalapathy Vijay trailer
Vijay,qN3wfuPYTI4,LEO - Bloody Sweet Promo | Thalapathy Vijay | Lokesh Kanagaraj | Anirudh,2023-02-03T11:30:14Z,82901051,2239843,78253,Thalapathy Vijay trailer
Vijay,9fux9swQ5AQ,Varisu - Official Trailer | Thalapathy Vijay | Rashmika | Vamshi Paidipally | Dil Raju | S.Thaman,2023-01-04T11:30:06Z,53992485,2282179,133385,Thalapathy Vijay trailer
Vijay,N9d4mZBKpng,Jana Nayagan - Notion Trailer 2 OutðŸ”¥,2025-01-29T13:30:09Z,1508775,33143,65,Thalapathy Vijay trailer
Vijay,B5GAjuSnNuQ,"The Greatest Of All Time | Official Tamil Trailer | Thalapathy Vijay, Venkat Prabhu | Netflix India",2024-10-02T09:00:00Z,1108780,41365,945,Thalapathy Vijay trailer
Vijay,VkkyaodksT4,Sarkar - Official Teaser [Tamil] | Thalapathy Vijay | Sun Pictures | A.R Murugadoss | A.R. Rahman,2018-10-19T12:29:05Z,47634298,1547366,139693,Thalapathy Vijay trailer
Vijay,f_KZC_MnomQ,Behind the scenes of GOAT ðŸ”¥#goat #tamil #thalapathy #vijay #nithishfreaky #tamilwhatsappstatus,2024-09-20T14:05:57Z,3632913,183717,486,Thalapathy Vijay trailer
Rajinikanth,qeVfT2iLiu0,Coolie - Official Trailer | Superstar Rajinikanth | Sun Pictures | Lokesh | Anirudh,2025-08-02T13:30:25Z,22463009,795609,33124,Rajinikanth teaser
Rajinikanth,6xqNk5Sf5jo,COOLIE - #Thalaivar171 Title Teaser | Superstar Rajinikanth| Sun Pictures| Lokesh Kanagaraj| Anirudh,2024-04-22T12:30:07Z,35585241,945684,20768,Rajinikanth teaser
Rajinikanth,PuzNA314WCI,Coolie - Official Hindi Trailer | Superstar Rajinikanth | Sun Pictures | Lokesh | Anirudh,2025-08-02T15:18:52Z,7604810,201087,6434,Rajinikanth teaser
Rajinikanth,EptnMYijPjc,#COOLIE - 100 Days to Go | Superstar Rajinikanth | Sun Pictures | Lokesh | Anirudh,2025-05-06T12:43:33Z,11802453,314116,6224,Rajinikanth teaser
Rajinikanth,vHk8tqbeq5o,COOLIE - #Thalaivar171 Title Teaser (Telugu) | Superstar Rajinikanth | Sun Pictures| Lokesh| Anirudh,2024-04-22T12:30:38Z,9800460,199474,3571,Rajinikanth teaser
Rajinikanth,aaNq2NL6D4A,JAILER 2 - Announcement Teaser | Superstar Rajinikanth | Sun Pictures | Nelson | Anirudh,2025-01-14T12:29:00Z,22231521,898726,21086,Rajinikanth teaser
Rajinikanth,l8qlUDRSaTU,Coolie - Official Telugu Trailer | Superstar Rajinikanth | Sun Pictures | Lokesh | Anirudh,2025-08-02T13:35:26Z,8086485,272903,7943,Rajinikanth teaser
Rajinikanth,OXHTlMPbX7o,Powerhouse - Official Lyric Video | Coolie | Superstar Rajinikanth | Sun Pictures | Lokesh | Anirudh,2025-07-22T16:14:03Z,21182062,605178,18154,Rajinikanth teaser
Rajinikanth,2qCpY38ompo,Monica - Lyric Video| COOLIE | Superstar Rajinikanth | Sun Pictures | Lokesh | Anirudh | Pooja Hegde,2025-07-11T12:29:04Z,66284879,700128,22027,Rajinikanth teaser
Rajinikanth,rsJ-LGpE7Lc,Chikitu - Official Music Video | COOLIE | Superstar Rajinikanth | Sun Pictures | Lokesh | Anirudh,2025-06-25T12:30:48Z,24132356,473469,12501,Rajinikanth teaser
Rajinikanth,lH4a2_2ffCw,COOLIE - #Thalaivar171 Title Teaser (Hindi) | Superstar Rajinikanth | Sun Pictures | Lokesh| Anirudh,2024-04-22T12:30:24Z,7564438,186141,4366,Rajinikanth teaser
Rajinikanth,YN5ddNbh8M8,RAJINI THE JAILER 2 - Hindi Announcement teaser | Superstar Rajinikanth|Sun Pictures|Anirudh|Nelson,2025-01-17T04:44:49Z,2491155,52522,1074,Rajinikanth teaser
Rajinikanth,i4068MWd6AQ,COOLIE - #Thalaivar171 Teaser Trailer 2025 | Superstar Rajinikanth | Aamir Khan  Lokesh Kanagaraj |,2025-08-02T07:17:52Z,287958,3066,33,Rajinikanth teaser
Rajinikanth,5-qi2TGQ4a4,Coolie - Official Hindi Trailer | Superstar Rajinikanth | Sun Pictures | Lokesh | Anirudh,2025-08-02T14:30:12Z,2948368,128754,6366,Rajinikanth teaser
Rajinikanth,bbMLUadeMnA,Petta - Official Teaser | Superstar Rajinikanth | Sun Pictures | Karthik Subbaraj | Anirudh,2018-12-12T05:29:13Z,18344137,512111,24203,Rajinikanth teaser
Rajinikanth,I67sQu6jA5k,Chikitu - Telugu Music Video | COOLIE | Superstar Rajinikanth | Sun Pictures | Lokesh | Anirudh,2025-06-26T06:30:10Z,4644799,58636,857,Rajinikanth teaser
Rajinikanth,YWxCX0ezqOg,COOLIE - #Thalaivar171 Title Teaser (Kannada)| Superstar Rajinikanth | Sun Pictures| Lokesh| Anirudh,2024-04-22T12:30:20Z,447823,16602,593,Rajinikanth teaser
Rajinikanth,PmPoS5oyuBw,JAILER 2 - Announcement Teaser (Telugu) | Superstar Rajinikanth | Sun Pictures | Nelson | Anirudh,2025-01-14T12:29:00Z,5327692,204512,2809,Rajinikanth teaser
Rajinikanth,WCqL5VQDZS8,Coolie - Notion Trailer 2 | Superstar Rajinikanth | Nagarjuna | Aamir Khan | Lokesh | Anirudh | PIT,2025-07-06T12:30:39Z,85943,861,12,Rajinikanth teaser
Rajinikanth,KkggRAFMg5c,Coolie | Trailer Reaction | Superstar Rajinikanth | Sun Pictures | Lokesh | Malayalam,2025-08-02T14:15:38Z,569813,32721,1421,Rajinikanth teaser
Rajinikanth,qeVfT2iLiu0,Coolie - Official Trailer | Superstar Rajinikanth | Sun Pictures | Lokesh | Anirudh,2025-08-02T13:30:25Z,22463009,795609,33124,Rajinikanth trailer
Rajinikanth,PuzNA314WCI,Coolie - Official Hindi Trailer | Superstar Rajinikanth | Sun Pictures | Lokesh | Anirudh,2025-08-02T15:18:52Z,7604810,201087,6434,Rajinikanth trailer
Rajinikanth,6xqNk5Sf5jo,COOLIE - #Thalaivar171 Title Teaser | Superstar Rajinikanth| Sun Pictures| Lokesh Kanagaraj| Anirudh,2024-04-22T12:30:07Z,35585241,945684,20768,Rajinikanth trailer
Rajinikanth,aaNq2NL6D4A,JAILER 2 - Announcement Teaser | Superstar Rajinikanth | Sun Pictures | Nelson | Anirudh,2025-01-14T12:29:00Z,22231521,898726,21086,Rajinikanth trailer
Rajinikanth,l8qlUDRSaTU,Coolie - Official Telugu Trailer | Superstar Rajinikanth | Sun Pictures | Lokesh | Anirudh,2025-08-02T13:35:26Z,8086485,272903,7943,Rajinikanth trailer
Rajinikanth,vHk8tqbeq5o,COOLIE - #Thalaivar171 Title Teaser (Telugu) | Superstar Rajinikanth | Sun Pictures| Lokesh| Anirudh,2024-04-22T12:30:38Z,9800460,199474,3571,Rajinikanth trailer
Rajinikanth,2qCpY38ompo,Monica - Lyric Video| COOLIE | Superstar Rajinikanth | Sun Pictures | Lokesh | Anirudh | Pooja Hegde,2025-07-11T12:29:04Z,66284879,700128,22027,Rajinikanth trailer
Rajinikanth,OXHTlMPbX7o,Powerhouse - Official Lyric Video | Coolie | Superstar Rajinikanth | Sun Pictures | Lokesh | Anirudh,2025-07-22T16:14:03Z,21182062,605178,18154,Rajinikanth trailer
Rajinikanth,EptnMYijPjc,#COOLIE - 100 Days to Go | Superstar Rajinikanth | Sun Pictures | Lokesh | Anirudh,2025-05-06T12:43:33Z,11802453,314116,6224,Rajinikanth trailer
Rajinikanth,1F3hm6MfR1k,JAILER - Hukum Lyric Video | Superstar Rajinikanth | Sun Pictures | Anirudh | Nelson,2023-07-17T12:30:01Z,189655908,1610251,49562,Rajinikanth trailer
Rajinikanth,i4068MWd6AQ,COOLIE - #Thalaivar171 Teaser Trailer 2025 | Superstar Rajinikanth | Aamir Khan  Lokesh Kanagaraj |,2025-08-02T07:17:52Z,287958,3066,33,Rajinikanth trailer
Rajinikanth,TnhorwP9tcs,COOLIE - Official Trailer | SuperStar Rajinikanth | Lokesh Kanagaraj | Anirudh  #rajini   #coolie,2025-08-01T14:15:03Z,279367,2603,46,Rajinikanth trailer
Rajinikanth,Y5BeWdODPqo,JAILER - Official ShowCase | Superstar Rajinikanth | Sun Pictures | Anirudh | Nelson,2023-08-02T12:30:01Z,32926502,883800,32482,Rajinikanth trailer
Rajinikanth,WCqL5VQDZS8,Coolie - Notion Trailer 2 | Superstar Rajinikanth | Nagarjuna | Aamir Khan | Lokesh | Anirudh | PIT,2025-07-06T12:30:39Z,85943,861,12,Rajinikanth trailer
Rajinikanth,KatxzOR5lmg,BABBAR SHER - Trailer | Salman Khan | An Atlee Film | Rajinikanth | Kamal Haasan | New Movies 2025,2025-07-11T08:30:18Z,708208,7201,167,Rajinikanth trailer
Rajinikanth,_z-1fHsFSpU,"Jailer Hindi Dubbed Action Movie 2023 | Rajnikant, Shiva Rajkumar | New South Full Movies 2023",2023-10-07T16:31:38Z,7149021,62226,1220,Rajinikanth trailer
Rajinikanth,wlGUDoHZBtI,Jailer 2 - Notion Trailer | Rajinikanth | Mohanlal | Shivarajkumar | Anirudh | Nelson | PIT,2024-09-08T12:27:14Z,497100,4260,36,Rajinikanth trailer
Rajinikanth,5-qi2TGQ4a4,Coolie - Official Hindi Trailer | Superstar Rajinikanth | Sun Pictures | Lokesh | Anirudh,2025-08-02T14:30:12Z,2948368,128754,6366,Rajinikanth trailer
Rajinikanth,cNnx04nrW8g,Coolie TrailerðŸ”¥ðŸ¤© #coolie #lokeshkanagaraj #leo #nagarjuna #shorts #rajinikanth #thalapathy #short,2025-07-15T07:23:10Z,443632,18440,30,Rajinikanth trailer
Rajinikanth,CRpx8LxpfvE,A small detail from the Coolie trailer you mightâ€™ve missed but worth flippingðŸ”¥#Coolie #Rajinikanth,2025-08-03T11:53:40Z,3638310,102052,360,Rajinikanth trailer
